timestamp,_linear_x,_linear_y,_linear_z,_angular_x,_angular_y,_angular_z
20000000,0.3,0.0,0.0,0.0,0.0,0.0
40000000,0.3,0.0,0.0,0.0,0.0,0.0
60000000,0.3,0.0,0.0,0.0,0.0,0.0
80000000,0.3,0.0,0.0,0.0,0.0,0.0
100000000,0.3,0.0,0.0,0.0,0.0,0.0
120000000,0.3,0.0,0.0,0.0,0.0,0.0
140000000,0.3,0.0,0.0,0.0,0.0,0.0
160000000,0.3,0.0,0.0,0.0,0.0,0.0
180000000,0.3,0.0,0.0,0.0,0.0,0.0
200000000,0.3,0.0,0.0,0.0,0.0,0.0
220000000,0.3,0.0,0.0,0.0,0.0,0.0
240000000,0.3,0.0,0.0,0.0,0.0,0.0
260000000,0.3,0.0,0.0,0.0,0.0,0.0
280000000,0.3,0.0,0.0,0.0,0.0,0.0
300000000,0.3,0.0,0.0,0.0,0.0,0.0
320000000,0.3,0.0,0.0,0.0,0.0,0.0
340000000,0.3,0.0,0.0,0.0,0.0,0.0
360000000,0.3,0.0,0.0,0.0,0.0,0.0
380000000,0.3,0.0,0.0,0.0,0.0,0.0
400000000,0.3,0.0,0.0,0.0,0.0,0.0
420000000,0.3,0.0,0.0,0.0,0.0,0.0
440000000,0.3,0.0,0.0,0.0,0.0,0.0
460000000,0.3,0.0,0.0,0.0,0.0,0.0
480000000,0.3,0.0,0.0,0.0,0.0,0.0
500000000,0.3,0.0,0.0,0.0,0.0,0.0
520000000,0.3,0.0,0.0,0.0,0.0,0.0
540000000,0.3,0.0,0.0,0.0,0.0,0.0
560000000,0.3,0.0,0.0,0.0,0.0,0.0
580000000,0.3,0.0,0.0,0.0,0.0,0.0
600000000,0.3,0.0,0.0,0.0,0.0,0.0
620000000,0.3,0.0,0.0,0.0,0.0,0.0
640000000,0.3,0.0,0.0,0.0,0.0,0.0
660000000,0.3,0.0,0.0,0.0,0.0,0.0
680000000,0.3,0.0,0.0,0.0,0.0,0.0
700000000,0.3,0.0,0.0,0.0,0.0,0.0
720000000,0.3,0.0,0.0,0.0,0.0,0.0
740000000,0.3,0.0,0.0,0.0,0.0,0.0
760000000,0.3,0.0,0.0,0.0,0.0,0.0
780000000,0.3,0.0,0.0,0.0,0.0,0.0
796000000,0.3,0.0,0.0,0.0,0.0,0.0
820000000,0.3,0.0,0.0,0.0,0.0,0.0
840000000,0.3,0.0,0.0,0.0,0.0,0.0
861000000,0.3,0.0,0.0,0.0,0.0,0.0
880000000,0.3,0.0,0.0,0.0,0.0,0.0
900000000,0.3,0.0,0.0,0.0,0.0,0.0
919000000,0.3,0.0,0.0,0.0,0.0,0.0
940000000,0.3,0.0,0.0,0.0,0.0,0.0
960000000,0.3,0.0,0.0,0.0,0.0,0.0
980000000,0.3,0.0,0.0,0.0,0.0,0.0
1000000000,0.3,0.0,0.0,0.0,0.0,0.0
1020000000,0.3,0.0,0.0,0.0,0.0,0.0
1040000000,0.3,0.0,0.0,0.0,0.0,0.0
1060000000,0.3,0.0,0.0,0.0,0.0,0.0
1080000000,0.3,0.0,0.0,0.0,0.0,0.0
1100000000,0.3,0.0,0.0,0.0,0.0,0.0
1120000000,0.3,0.0,0.0,0.0,0.0,0.0
1140000000,0.3,0.0,0.0,0.0,0.0,0.0
1160000000,0.3,0.0,0.0,0.0,0.0,0.0
1180000000,0.3,0.0,0.0,0.0,0.0,0.0
1200000000,0.3,0.0,0.0,0.0,0.0,0.0
1220000000,0.3,0.0,0.0,0.0,0.0,0.0
1240000000,0.3,0.0,0.0,0.0,0.0,0.0
1260000000,0.3,0.0,0.0,0.0,0.0,0.0
1280000000,0.3,0.0,0.0,0.0,0.0,0.0
1300000000,0.3,0.0,0.0,0.0,0.0,0.0
1320000000,0.3,0.0,0.0,0.0,0.0,0.0
1340000000,0.3,0.0,0.0,0.0,0.0,0.0
1360000000,0.3,0.0,0.0,0.0,0.0,0.0
1380000000,0.3,0.0,0.0,0.0,0.0,0.0
1400000000,0.3,0.0,0.0,0.0,0.0,0.0
1420000000,0.3,0.0,0.0,0.0,0.0,0.0
1440000000,0.3,0.0,0.0,0.0,0.0,0.0
1460000000,0.3,0.0,0.0,0.0,0.0,0.0
1480000000,0.3,0.0,0.0,0.0,0.0,0.0
1500000000,0.3,0.0,0.0,0.0,0.0,0.0
1519000000,0.3,0.0,0.0,0.0,0.0,0.0
1540000000,0.3,0.0,0.0,0.0,0.0,0.0
1560000000,0.3,0.0,0.0,0.0,0.0,0.0
1580000000,0.3,0.0,0.0,0.0,0.0,0.0
1600000000,0.3,0.0,0.0,0.0,0.0,0.0
1620000000,0.3,0.0,0.0,0.0,0.0,0.0
1640000000,0.3,0.0,0.0,0.0,0.0,0.0
1660000000,0.3,0.0,0.0,0.0,0.0,0.0
1680000000,0.3,0.0,0.0,0.0,0.0,0.0
1700000000,0.3,0.0,0.0,0.0,0.0,0.0
1720000000,0.3,0.0,0.0,0.0,0.0,0.0
1740000000,0.3,0.0,0.0,0.0,0.0,0.0
1760000000,0.3,0.0,0.0,0.0,0.0,0.0
1780000000,0.3,0.0,0.0,0.0,0.0,0.0
1800000000,0.3,0.0,0.0,0.0,0.0,0.0
1820000000,0.3,0.0,0.0,0.0,0.0,0.0
1840000000,0.3,0.0,0.0,0.0,0.0,0.0
1860000000,0.3,0.0,0.0,0.0,0.0,0.0
1880000000,0.3,0.0,0.0,0.0,0.0,0.0
1900000000,0.3,0.0,0.0,0.0,0.0,0.0
1920000000,0.3,0.0,0.0,0.0,0.0,0.0
1940000000,0.3,0.0,0.0,0.0,0.0,0.0
1960000000,0.3,0.0,0.0,0.0,0.0,0.0
1980000000,0.3,0.0,0.0,0.0,0.0,0.0
2000000000,0.3,0.0,0.0,0.0,0.0,0.0
2020000000,0.3,0.0,0.0,0.0,0.0,0.0
2040000000,0.3,0.0,0.0,0.0,0.0,0.0
2060000000,0.3,0.0,0.0,0.0,0.0,0.0
2080000000,0.3,0.0,0.0,0.0,0.0,0.0
2100000000,0.3,0.0,0.0,0.0,0.0,0.0
2119000000,0.3,0.0,0.0,0.0,0.0,0.0
2140000000,0.3,0.0,0.0,0.0,0.0,0.0
2160000000,0.3,0.0,0.0,0.0,0.0,0.0
2180000000,0.3,0.0,0.0,0.0,0.0,0.0
2200000000,0.3,0.0,0.0,0.0,0.0,0.0
2219000000,0.3,0.0,0.0,0.0,0.0,0.0
2240000000,0.3,0.0,0.0,0.0,0.0,0.0
2260000000,0.3,0.0,0.0,0.0,0.0,0.0
2280000000,0.3,0.0,0.0,0.0,0.0,0.0
2300000000,0.3,0.0,0.0,0.0,0.0,0.0
2320000000,0.3,0.0,0.0,0.0,0.0,0.0
2340000000,0.3,0.0,0.0,0.0,0.0,0.0
2360000000,0.3,0.0,0.0,0.0,0.0,0.0
2379000000,0.3,0.0,0.0,0.0,0.0,0.0
2400000000,0.3,0.0,0.0,0.0,0.0,0.0
2420000000,0.3,0.0,0.0,0.0,0.0,0.0
2440000000,0.3,0.0,0.0,0.0,0.0,0.0
2460000000,0.3,0.0,0.0,0.0,0.0,0.0
2480000000,0.3,0.0,0.0,0.0,0.0,0.0
2500000000,0.3,0.0,0.0,0.0,0.0,0.0
2520000000,0.3,0.0,0.0,0.0,0.0,0.0
2540000000,0.3,0.0,0.0,0.0,0.0,0.0
2560000000,0.3,0.0,0.0,0.0,0.0,0.0
2580000000,0.3,0.0,0.0,0.0,0.0,0.0
2600000000,0.3,0.0,0.0,0.0,0.0,0.0
2620000000,0.3,0.0,0.0,0.0,0.0,0.0
2640000000,0.3,0.0,0.0,0.0,0.0,0.0
2660000000,0.3,0.0,0.0,0.0,0.0,0.0
2680000000,0.3,0.0,0.0,0.0,0.0,0.0
2700000000,0.3,0.0,0.0,0.0,0.0,0.0
2720000000,0.3,0.0,0.0,0.0,0.0,0.0
2740000000,0.3,0.0,0.0,0.0,0.0,0.0
2760000000,0.3,0.0,0.0,0.0,0.0,0.0
2780000000,0.3,0.0,0.0,0.0,0.0,0.0
2800000000,0.3,0.0,0.0,0.0,0.0,0.0
2820000000,0.3,0.0,0.0,0.0,0.0,0.0
2840000000,0.3,0.0,0.0,0.0,0.0,0.0
2860000000,0.3,0.0,0.0,0.0,0.0,0.0
2880000000,0.3,0.0,0.0,0.0,0.0,0.0
2900000000,0.3,0.0,0.0,0.0,0.0,0.0
2920000000,0.3,0.0,0.0,0.0,0.0,0.0
2940000000,0.3,0.0,0.0,0.0,0.0,0.0
2960000000,0.3,0.0,0.0,0.0,0.0,0.0
2980000000,0.3,0.0,0.0,0.0,0.0,0.0
3000000000,0.3,0.0,0.0,0.0,0.0,0.0
3020000000,0.3,0.0,0.0,0.0,0.0,0.0
3040000000,0.3,0.0,0.0,0.0,0.0,0.0
3060000000,0.3,0.0,0.0,0.0,0.0,0.0
3080000000,0.3,0.0,0.0,0.0,0.0,0.0
3100000000,0.3,0.0,0.0,0.0,0.0,0.0
3120000000,0.3,0.0,0.0,0.0,0.0,0.0
3140000000,0.3,0.0,0.0,0.0,0.0,0.0
3160000000,0.3,0.0,0.0,0.0,0.0,0.0
3180000000,0.3,0.0,0.0,0.0,0.0,0.0
3200000000,0.3,0.0,0.0,0.0,0.0,0.0
3220000000,0.3,0.0,0.0,0.0,0.0,0.0
3240000000,0.3,0.0,0.0,0.0,0.0,0.0
3260000000,0.3,0.0,0.0,0.0,0.0,0.0
3280000000,0.3,0.0,0.0,0.0,0.0,0.0
3300000000,0.3,0.0,0.0,0.0,0.0,0.0
3320000000,0.3,0.0,0.0,0.0,0.0,0.0
3340000000,0.3,0.0,0.0,0.0,0.0,0.0
3360000000,0.3,0.0,0.0,0.0,0.0,0.0
3380000000,0.3,0.0,0.0,0.0,0.0,0.0
3400000000,0.3,0.0,0.0,0.0,0.0,0.0
3420000000,0.3,0.0,0.0,0.0,0.0,0.0
3440000000,0.3,0.0,0.0,0.0,0.0,0.0
3460000000,0.3,0.0,0.0,0.0,0.0,0.0
3480000000,0.3,0.0,0.0,0.0,0.0,0.0
3500000000,0.3,0.0,0.0,0.0,0.0,0.0
3520000000,0.3,0.0,0.0,0.0,0.0,0.0
3540000000,0.3,0.0,0.0,0.0,0.0,0.0
3560000000,0.3,0.0,0.0,0.0,0.0,0.0
3580000000,0.3,0.0,0.0,0.0,0.0,0.0
3600000000,0.3,0.0,0.0,0.0,0.0,0.0
3620000000,0.3,0.0,0.0,0.0,0.0,0.0
3640000000,0.3,0.0,0.0,0.0,0.0,0.0
3660000000,0.3,0.0,0.0,0.0,0.0,0.0
3679000000,0.3,0.0,0.0,0.0,0.0,0.0
3700000000,0.3,0.0,0.0,0.0,0.0,0.0
3720000000,0.3,0.0,0.0,0.0,0.0,0.0
3740000000,0.3,0.0,0.0,0.0,0.0,0.0
3760000000,0.3,0.0,0.0,0.0,0.0,0.0
3780000000,0.3,0.0,0.0,0.0,0.0,0.0
3800000000,0.3,0.0,0.0,0.0,0.0,0.0
3820000000,0.3,0.0,0.0,0.0,0.0,0.0
3840000000,0.3,0.0,0.0,0.0,0.0,0.0
3860000000,0.3,0.0,0.0,0.0,0.0,0.0
3880000000,0.3,0.0,0.0,0.0,0.0,0.0
3900000000,0.3,0.0,0.0,0.0,0.0,0.0
3920000000,0.3,0.0,0.0,0.0,0.0,0.0
3940000000,0.3,0.0,0.0,0.0,0.0,0.0
3960000000,0.3,0.0,0.0,0.0,0.0,0.0
3980000000,0.3,0.0,0.0,0.0,0.0,0.0
4000000000,0.3,0.0,0.0,0.0,0.0,0.0
4020000000,0.3,0.0,0.0,0.0,0.0,0.0
4040000000,0.3,0.0,0.0,0.0,0.0,0.0
4060000000,0.3,0.0,0.0,0.0,0.0,0.0
4080000000,0.3,0.0,0.0,0.0,0.0,0.0
4100000000,0.3,0.0,0.0,0.0,0.0,0.0
4120000000,0.3,0.0,0.0,0.0,0.0,0.0
4140000000,0.3,0.0,0.0,0.0,0.0,0.0
4160000000,0.3,0.0,0.0,0.0,0.0,0.0
4180000000,0.3,0.0,0.0,0.0,0.0,0.0
4200000000,0.3,0.0,0.0,0.0,0.0,0.0
4220000000,0.3,0.0,0.0,0.0,0.0,0.0
4240000000,0.3,0.0,0.0,0.0,0.0,0.0
4260000000,0.3,0.0,0.0,0.0,0.0,0.0
4280000000,0.3,0.0,0.0,0.0,0.0,0.0
4300000000,0.3,0.0,0.0,0.0,0.0,0.0
4320000000,0.3,0.0,0.0,0.0,0.0,0.0
4340000000,0.3,0.0,0.0,0.0,0.0,0.0
4360000000,0.3,0.0,0.0,0.0,0.0,0.0
4380000000,0.3,0.0,0.0,0.0,0.0,0.0
4400000000,0.3,0.0,0.0,0.0,0.0,0.0
4420000000,0.3,0.0,0.0,0.0,0.0,0.0
4440000000,0.3,0.0,0.0,0.0,0.0,0.0
4460000000,0.3,0.0,0.0,0.0,0.0,0.0
4480000000,0.3,0.0,0.0,0.0,0.0,0.0
4500000000,0.3,0.0,0.0,0.0,0.0,0.0
4520000000,0.3,0.0,0.0,0.0,0.0,0.0
4540000000,0.3,0.0,0.0,0.0,0.0,0.0
4560000000,0.3,0.0,0.0,0.0,0.0,0.0
4580000000,0.3,0.0,0.0,0.0,0.0,0.0
4600000000,0.3,0.0,0.0,0.0,0.0,0.0
4620000000,0.3,0.0,0.0,0.0,0.0,0.0
4640000000,0.3,0.0,0.0,0.0,0.0,0.0
4660000000,0.3,0.0,0.0,0.0,0.0,0.0
4680000000,0.3,0.0,0.0,0.0,0.0,0.0
4700000000,0.3,0.0,0.0,0.0,0.0,0.0
4720000000,0.3,0.0,0.0,0.0,0.0,0.0
4740000000,0.3,0.0,0.0,0.0,0.0,0.0
4760000000,0.3,0.0,0.0,0.0,0.0,0.0
4780000000,0.3,0.0,0.0,0.0,0.0,0.0
4800000000,0.3,0.0,0.0,0.0,0.0,0.0
4820000000,0.3,0.0,0.0,0.0,0.0,0.0
4840000000,0.3,0.0,0.0,0.0,0.0,0.0
4860000000,0.3,0.0,0.0,0.0,0.0,0.0
4880000000,0.3,0.0,0.0,0.0,0.0,0.0
4900000000,0.3,0.0,0.0,0.0,0.0,0.0
4920000000,0.3,0.0,0.0,0.0,0.0,0.0
4940000000,0.3,0.0,0.0,0.0,0.0,0.0
4960000000,0.3,0.0,0.0,0.0,0.0,0.0
4980000000,0.3,0.0,0.0,0.0,0.0,0.0
5000000000,0.3,0.0,0.0,0.0,0.0,0.0
5020000000,0.3,0.0,0.0,0.0,0.0,0.0
5040000000,0.3,0.0,0.0,0.0,0.0,0.0
5060000000,0.3,0.0,0.0,0.0,0.0,0.0
5080000000,0.3,0.0,0.0,0.0,0.0,0.0
5100000000,0.3,0.0,0.0,0.0,0.0,0.0
5119000000,0.3,0.0,0.0,0.0,0.0,0.0
5140000000,0.3,0.0,0.0,0.0,0.0,0.0
5160000000,0.3,0.0,0.0,0.0,0.0,0.0
5180000000,0.3,0.0,0.0,0.0,0.0,0.0
5200000000,0.3,0.0,0.0,0.0,0.0,0.0
5220000000,0.3,0.0,0.0,0.0,0.0,0.0
5240000000,0.3,0.0,0.0,0.0,0.0,0.0
5260000000,0.3,0.0,0.0,0.0,0.0,0.0
5280000000,0.3,0.0,0.0,0.0,0.0,0.0
5300000000,0.3,0.0,0.0,0.0,0.0,0.0
5320000000,0.3,0.0,0.0,0.0,0.0,0.0
5340000000,0.3,0.0,0.0,0.0,0.0,0.0
5360000000,0.3,0.0,0.0,0.0,0.0,0.0
5380000000,0.3,0.0,0.0,0.0,0.0,0.0
5400000000,0.3,0.0,0.0,0.0,0.0,0.0
5420000000,0.3,0.0,0.0,0.0,0.0,0.0
5440000000,0.3,0.0,0.0,0.0,0.0,0.0
5460000000,0.3,0.0,0.0,0.0,0.0,0.0
5480000000,0.3,0.0,0.0,0.0,0.0,0.0
5500000000,0.3,0.0,0.0,0.0,0.0,0.0
5520000000,0.3,0.0,0.0,0.0,0.0,0.0
5540000000,0.3,0.0,0.0,0.0,0.0,0.0
5560000000,0.3,0.0,0.0,0.0,0.0,0.0
5580000000,0.3,0.0,0.0,0.0,0.0,0.0
5600000000,0.3,0.0,0.0,0.0,0.0,0.0
5620000000,0.3,0.0,0.0,0.0,0.0,0.0
5640000000,0.3,0.0,0.0,0.0,0.0,0.0
5660000000,0.3,0.0,0.0,0.0,0.0,0.0
5680000000,0.3,0.0,0.0,0.0,0.0,0.0
5700000000,0.3,0.0,0.0,0.0,0.0,0.0
5720000000,0.3,0.0,0.0,0.0,0.0,0.0
5740000000,0.3,0.0,0.0,0.0,0.0,0.0
5760000000,0.3,0.0,0.0,0.0,0.0,0.0
5780000000,0.3,0.0,0.0,0.0,0.0,0.0
5800000000,0.3,0.0,0.0,0.0,0.0,0.0
5820000000,0.3,0.0,0.0,0.0,0.0,0.0
5840000000,0.3,0.0,0.0,0.0,0.0,0.0
5860000000,0.3,0.0,0.0,0.0,0.0,0.0
5880000000,0.3,0.0,0.0,0.0,0.0,0.0
5900000000,0.3,0.0,0.0,0.0,0.0,0.0
5920000000,0.3,0.0,0.0,0.0,0.0,0.0
5940000000,0.3,0.0,0.0,0.0,0.0,0.0
5960000000,0.3,0.0,0.0,0.0,0.0,0.0
5980000000,0.3,0.0,0.0,0.0,0.0,0.0
6000000000,0.3,0.0,0.0,0.0,0.0,0.0
6020000000,0.3,0.0,0.0,0.0,0.0,0.0
6040000000,0.3,0.0,0.0,0.0,0.0,0.0
6060000000,0.3,0.0,0.0,0.0,0.0,0.0
6080000000,0.3,0.0,0.0,0.0,0.0,0.0
6100000000,0.3,0.0,0.0,0.0,0.0,0.0
6120000000,0.3,0.0,0.0,0.0,0.0,0.0
6140000000,0.3,0.0,0.0,0.0,0.0,0.0
6160000000,0.3,0.0,0.0,0.0,0.0,0.0
6180000000,0.3,0.0,0.0,0.0,0.0,0.0
6200000000,0.3,0.0,0.0,0.0,0.0,0.0
6220000000,0.3,0.0,0.0,0.0,0.0,0.0
6240000000,0.3,0.0,0.0,0.0,0.0,0.0
6260000000,0.3,0.0,0.0,0.0,0.0,0.0
6280000000,0.3,0.0,0.0,0.0,0.0,0.0
6300000000,0.3,0.0,0.0,0.0,0.0,0.0
6320000000,0.3,0.0,0.0,0.0,0.0,0.0
6340000000,0.3,0.0,0.0,0.0,0.0,0.0
6360000000,0.3,0.0,0.0,0.0,0.0,0.0
6380000000,0.3,0.0,0.0,0.0,0.0,0.0
6399000000,0.3,0.0,0.0,0.0,0.0,0.0
6420000000,0.3,0.0,0.0,0.0,0.0,0.0
6440000000,0.3,0.0,0.0,0.0,0.0,0.0
6460000000,0.3,0.0,0.0,0.0,0.0,0.0
6480000000,0.3,0.0,0.0,0.0,0.0,0.0
6500000000,0.3,0.0,0.0,0.0,0.0,0.0
6520000000,0.3,0.0,0.0,0.0,0.0,0.0
6540000000,0.3,0.0,0.0,0.0,0.0,0.0
6560000000,0.3,0.0,0.0,0.0,0.0,0.0
6579000000,0.3,0.0,0.0,0.0,0.0,0.0
6600000000,0.3,0.0,0.0,0.0,0.0,0.0
6620000000,0.3,0.0,0.0,0.0,0.0,0.0
6640000000,0.3,0.0,0.0,0.0,0.0,0.0
6660000000,0.3,0.0,0.0,0.0,0.0,0.0
6680000000,0.3,0.0,0.0,0.0,0.0,0.0
6700000000,0.3,0.0,0.0,0.0,0.0,0.0
6720000000,0.3,0.0,0.0,0.0,0.0,0.0
6740000000,0.3,0.0,0.0,0.0,0.0,0.0
6760000000,0.3,0.0,0.0,0.0,0.0,0.0
6780000000,0.3,0.0,0.0,0.0,0.0,0.0
6800000000,0.3,0.0,0.0,0.0,0.0,0.0
6820000000,0.3,0.0,0.0,0.0,0.0,0.0
6840000000,0.3,0.0,0.0,0.0,0.0,0.0
6860000000,0.3,0.0,0.0,0.0,0.0,0.0
6880000000,0.3,0.0,0.0,0.0,0.0,0.0
6900000000,0.3,0.0,0.0,0.0,0.0,0.0
6920000000,0.3,0.0,0.0,0.0,0.0,0.0
6940000000,0.3,0.0,0.0,0.0,0.0,0.0
6960000000,0.3,0.0,0.0,0.0,0.0,0.0
6980000000,0.3,0.0,0.0,0.0,0.0,0.0
6999000000,0.3,0.0,0.0,0.0,0.0,0.0
7020000000,0.3,0.0,0.0,0.0,0.0,0.0
7040000000,0.3,0.0,0.0,0.0,0.0,0.0
7060000000,0.3,0.0,0.0,0.0,0.0,0.0
7080000000,0.3,0.0,0.0,0.0,0.0,0.0
7100000000,0.3,0.0,0.0,0.0,0.0,0.0
7120000000,0.3,0.0,0.0,0.0,0.0,0.0
7140000000,0.3,0.0,0.0,0.0,0.0,0.0
7160000000,0.3,0.0,0.0,0.0,0.0,0.0
7180000000,0.3,0.0,0.0,0.0,0.0,0.0
7200000000,0.3,0.0,0.0,0.0,0.0,0.0
7219000000,0.3,0.0,0.0,0.0,0.0,0.0
7240000000,0.3,0.0,0.0,0.0,0.0,0.0
7260000000,0.3,0.0,0.0,0.0,0.0,0.0
7280000000,0.3,0.0,0.0,0.0,0.0,0.0
7300000000,0.3,0.0,0.0,0.0,0.0,0.0
7320000000,0.3,0.0,0.0,0.0,0.0,0.0
7340000000,0.3,0.0,0.0,0.0,0.0,0.0
7360000000,0.3,0.0,0.0,0.0,0.0,0.0
7380000000,0.3,0.0,0.0,0.0,0.0,0.0
7400000000,0.3,0.0,0.0,0.0,0.0,0.0
7420000000,0.3,0.0,0.0,0.0,0.0,0.0
7440000000,0.3,0.0,0.0,0.0,0.0,0.0
7460000000,0.3,0.0,0.0,0.0,0.0,0.0
7480000000,0.3,0.0,0.0,0.0,0.0,0.0
7500000000,0.3,0.0,0.0,0.0,0.0,0.0
7520000000,0.3,0.0,0.0,0.0,0.0,0.0
7540000000,0.3,0.0,0.0,0.0,0.0,0.0
7560000000,0.3,0.0,0.0,0.0,0.0,0.0
7580000000,0.3,0.0,0.0,0.0,0.0,0.0
7600000000,0.3,0.0,0.0,0.0,0.0,0.0
7620000000,0.3,0.0,0.0,0.0,0.0,0.0
7640000000,0.3,0.0,0.0,0.0,0.0,0.0
7660000000,0.3,0.0,0.0,0.0,0.0,0.0
7680000000,0.3,0.0,0.0,0.0,0.0,0.0
7700000000,0.3,0.0,0.0,0.0,0.0,0.0
7720000000,0.3,0.0,0.0,0.0,0.0,0.0
7740000000,0.3,0.0,0.0,0.0,0.0,0.0
7760000000,0.3,0.0,0.0,0.0,0.0,0.0
7780000000,0.3,0.0,0.0,0.0,0.0,0.0
7800000000,0.3,0.0,0.0,0.0,0.0,0.0
7820000000,0.3,0.0,0.0,0.0,0.0,0.0
7840000000,0.3,0.0,0.0,0.0,0.0,0.0
7860000000,0.3,0.0,0.0,0.0,0.0,0.0
7880000000,0.3,0.0,0.0,0.0,0.0,0.0
7900000000,0.3,0.0,0.0,0.0,0.0,0.0
7920000000,0.3,0.0,0.0,0.0,0.0,0.0
7940000000,0.3,0.0,0.0,0.0,0.0,0.0
7960000000,0.3,0.0,0.0,0.0,0.0,0.0
7980000000,0.3,0.0,0.0,0.0,0.0,0.0
8000000000,0.3,0.0,0.0,0.0,0.0,0.0
8020000000,0.3,0.0,0.0,0.0,0.0,0.0
8040000000,0.3,0.0,0.0,0.0,0.0,0.0
8060000000,0.3,0.0,0.0,0.0,0.0,0.0
8080000000,0.3,0.0,0.0,0.0,0.0,0.0
8100000000,0.3,0.0,0.0,0.0,0.0,0.0
8120000000,0.3,0.0,0.0,0.0,0.0,0.0
8140000000,0.3,0.0,0.0,0.0,0.0,0.0
8160000000,0.3,0.0,0.0,0.0,0.0,0.0
8180000000,0.3,0.0,0.0,0.0,0.0,0.0
8200000000,0.3,0.0,0.0,0.0,0.0,0.0
8220000000,0.3,0.0,0.0,0.0,0.0,0.0
8240000000,0.3,0.0,0.0,0.0,0.0,0.0
8260000000,0.3,0.0,0.0,0.0,0.0,0.0
8280000000,0.3,0.0,0.0,0.0,0.0,0.0
8300000000,0.3,0.0,0.0,0.0,0.0,0.0
8320000000,0.3,0.0,0.0,0.0,0.0,0.0
8340000000,0.3,0.0,0.0,0.0,0.0,0.0
8360000000,0.3,0.0,0.0,0.0,0.0,0.0
8380000000,0.3,0.0,0.0,0.0,0.0,0.0
8400000000,0.3,0.0,0.0,0.0,0.0,0.0
8420000000,0.3,0.0,0.0,0.0,0.0,0.0
8440000000,0.3,0.0,0.0,0.0,0.0,0.0
8460000000,0.3,0.0,0.0,0.0,0.0,0.0
8480000000,0.3,0.0,0.0,0.0,0.0,0.0
8500000000,0.3,0.0,0.0,0.0,0.0,0.0
8520000000,0.3,0.0,0.0,0.0,0.0,0.0
8540000000,0.3,0.0,0.0,0.0,0.0,0.0
8560000000,0.3,0.0,0.0,0.0,0.0,0.0
8580000000,0.3,0.0,0.0,0.0,0.0,0.0
8600000000,0.3,0.0,0.0,0.0,0.0,0.0
8620000000,0.3,0.0,0.0,0.0,0.0,0.0
8640000000,0.3,0.0,0.0,0.0,0.0,0.0
8660000000,0.3,0.0,0.0,0.0,0.0,0.0
8680000000,0.3,0.0,0.0,0.0,0.0,0.0
8700000000,0.3,0.0,0.0,0.0,0.0,0.0
8720000000,0.3,0.0,0.0,0.0,0.0,0.0
8740000000,0.3,0.0,0.0,0.0,0.0,0.0
8760000000,0.3,0.0,0.0,0.0,0.0,0.0
8780000000,0.3,0.0,0.0,0.0,0.0,0.0
8800000000,0.3,0.0,0.0,0.0,0.0,0.0
8820000000,0.3,0.0,0.0,0.0,0.0,0.0
8840000000,0.3,0.0,0.0,0.0,0.0,0.0
8860000000,0.3,0.0,0.0,0.0,0.0,0.0
8880000000,0.3,0.0,0.0,0.0,0.0,0.0
8900000000,0.3,0.0,0.0,0.0,0.0,0.0
8920000000,0.3,0.0,0.0,0.0,0.0,0.0
8940000000,0.3,0.0,0.0,0.0,0.0,0.0
8960000000,0.3,0.0,0.0,0.0,0.0,0.0
8980000000,0.3,0.0,0.0,0.0,0.0,0.0
9000000000,0.3,0.0,0.0,0.0,0.0,0.0
9020000000,0.3,0.0,0.0,0.0,0.0,0.0
9040000000,0.3,0.0,0.0,0.0,0.0,0.0
9060000000,0.3,0.0,0.0,0.0,0.0,0.0
9080000000,0.3,0.0,0.0,0.0,0.0,0.0
9100000000,0.3,0.0,0.0,0.0,0.0,0.0
9120000000,0.3,0.0,0.0,0.0,0.0,0.0
9140000000,0.3,0.0,0.0,0.0,0.0,0.0
9160000000,0.3,0.0,0.0,0.0,0.0,0.0
9181000000,0.3,0.0,0.0,0.0,0.0,0.0
9200000000,0.3,0.0,0.0,0.0,0.0,0.0
9220000000,0.3,0.0,0.0,0.0,0.0,0.0
9240000000,0.3,0.0,0.0,0.0,0.0,0.0
9260000000,0.3,0.0,0.0,0.0,0.0,0.0
9280000000,0.3,0.0,0.0,0.0,0.0,0.0
9300000000,0.3,0.0,0.0,0.0,0.0,0.0
9320000000,0.3,0.0,0.0,0.0,0.0,0.0
9340000000,0.3,0.0,0.0,0.0,0.0,0.0
9360000000,0.3,0.0,0.0,0.0,0.0,0.0
9380000000,0.3,0.0,0.0,0.0,0.0,0.0
9400000000,0.3,0.0,0.0,0.0,0.0,0.0
9420000000,0.3,0.0,0.0,0.0,0.0,0.0
9440000000,0.3,0.0,0.0,0.0,0.0,0.0
9460000000,0.3,0.0,0.0,0.0,0.0,0.0
9480000000,0.3,0.0,0.0,0.0,0.0,0.0
9500000000,0.3,0.0,0.0,0.0,0.0,0.0
9520000000,0.3,0.0,0.0,0.0,0.0,0.0
9540000000,0.3,0.0,0.0,0.0,0.0,0.0
9560000000,0.3,0.0,0.0,0.0,0.0,0.0
9580000000,0.3,0.0,0.0,0.0,0.0,0.0
9600000000,0.3,0.0,0.0,0.0,0.0,0.0
9620000000,0.3,0.0,0.0,0.0,0.0,0.0
9640000000,0.3,0.0,0.0,0.0,0.0,0.0
9660000000,0.3,0.0,0.0,0.0,0.0,0.0
9680000000,0.3,0.0,0.0,0.0,0.0,0.0
9700000000,0.3,0.0,0.0,0.0,0.0,0.0
9720000000,0.3,0.0,0.0,0.0,0.0,0.0
9740000000,0.3,0.0,0.0,0.0,0.0,0.0
9760000000,0.3,0.0,0.0,0.0,0.0,0.0
9780000000,0.3,0.0,0.0,0.0,0.0,0.0
9800000000,0.3,0.0,0.0,0.0,0.0,0.0
9820000000,0.3,0.0,0.0,0.0,0.0,0.0
9840000000,0.3,0.0,0.0,0.0,0.0,0.0
9860000000,0.3,0.0,0.0,0.0,0.0,0.0
9880000000,0.3,0.0,0.0,0.0,0.0,0.0
9900000000,0.3,0.0,0.0,0.0,0.0,0.0
9920000000,0.3,0.0,0.0,0.0,0.0,0.0
9940000000,0.3,0.0,0.0,0.0,0.0,0.0
9960000000,0.3,0.0,0.0,0.0,0.0,0.0
9980000000,0.3,0.0,0.0,0.0,0.0,0.0
10000000000,0.3,0.0,0.0,0.0,0.0,0.0
10020000000,0.3,0.0,0.0,0.0,0.0,0.3
10040000000,0.3,0.0,0.0,0.0,0.0,0.3
10060000000,0.3,0.0,0.0,0.0,0.0,0.3
10080000000,0.3,0.0,0.0,0.0,0.0,0.3
10100000000,0.3,0.0,0.0,0.0,0.0,0.3
10120000000,0.3,0.0,0.0,0.0,0.0,0.3
10140000000,0.3,0.0,0.0,0.0,0.0,0.3
10160000000,0.3,0.0,0.0,0.0,0.0,0.3
10180000000,0.3,0.0,0.0,0.0,0.0,0.3
10200000000,0.3,0.0,0.0,0.0,0.0,0.3
10220000000,0.3,0.0,0.0,0.0,0.0,0.3
10240000000,0.3,0.0,0.0,0.0,0.0,0.3
10260000000,0.3,0.0,0.0,0.0,0.0,0.3
10280000000,0.3,0.0,0.0,0.0,0.0,0.3
10300000000,0.3,0.0,0.0,0.0,0.0,0.3
10320000000,0.3,0.0,0.0,0.0,0.0,0.3
10340000000,0.3,0.0,0.0,0.0,0.0,0.3
10360000000,0.3,0.0,0.0,0.0,0.0,0.3
10380000000,0.3,0.0,0.0,0.0,0.0,0.3
10400000000,0.3,0.0,0.0,0.0,0.0,0.3
10420000000,0.3,0.0,0.0,0.0,0.0,0.3
10440000000,0.3,0.0,0.0,0.0,0.0,0.3
10460000000,0.3,0.0,0.0,0.0,0.0,0.3
10480000000,0.3,0.0,0.0,0.0,0.0,0.3
10500000000,0.3,0.0,0.0,0.0,0.0,0.3
10520000000,0.3,0.0,0.0,0.0,0.0,0.3
10540000000,0.3,0.0,0.0,0.0,0.0,0.3
10560000000,0.3,0.0,0.0,0.0,0.0,0.3
10580000000,0.3,0.0,0.0,0.0,0.0,0.3
10600000000,0.3,0.0,0.0,0.0,0.0,0.3
10620000000,0.3,0.0,0.0,0.0,0.0,0.3
10640000000,0.3,0.0,0.0,0.0,0.0,0.3
10660000000,0.3,0.0,0.0,0.0,0.0,0.3
10680000000,0.3,0.0,0.0,0.0,0.0,0.3
10700000000,0.3,0.0,0.0,0.0,0.0,0.3
10720000000,0.3,0.0,0.0,0.0,0.0,0.3
10740000000,0.3,0.0,0.0,0.0,0.0,0.3
10759000000,0.3,0.0,0.0,0.0,0.0,0.3
10780000000,0.3,0.0,0.0,0.0,0.0,0.3
10800000000,0.3,0.0,0.0,0.0,0.0,0.3
10820000000,0.3,0.0,0.0,0.0,0.0,0.3
10840000000,0.3,0.0,0.0,0.0,0.0,0.3
10860000000,0.3,0.0,0.0,0.0,0.0,0.3
10880000000,0.3,0.0,0.0,0.0,0.0,0.3
10900000000,0.3,0.0,0.0,0.0,0.0,0.3
10920000000,0.3,0.0,0.0,0.0,0.0,0.3
10940000000,0.3,0.0,0.0,0.0,0.0,0.3
10960000000,0.3,0.0,0.0,0.0,0.0,0.3
10980000000,0.3,0.0,0.0,0.0,0.0,0.3
11000000000,0.3,0.0,0.0,0.0,0.0,0.3
11020000000,0.3,0.0,0.0,0.0,0.0,0.3
11040000000,0.3,0.0,0.0,0.0,0.0,0.3
11060000000,0.3,0.0,0.0,0.0,0.0,0.3
11080000000,0.3,0.0,0.0,0.0,0.0,0.3
11100000000,0.3,0.0,0.0,0.0,0.0,0.3
11120000000,0.3,0.0,0.0,0.0,0.0,0.3
11140000000,0.3,0.0,0.0,0.0,0.0,0.3
11160000000,0.3,0.0,0.0,0.0,0.0,0.3
11180000000,0.3,0.0,0.0,0.0,0.0,0.3
11200000000,0.3,0.0,0.0,0.0,0.0,0.3
11220000000,0.3,0.0,0.0,0.0,0.0,0.3
11240000000,0.3,0.0,0.0,0.0,0.0,0.3
11260000000,0.3,0.0,0.0,0.0,0.0,0.3
11280000000,0.3,0.0,0.0,0.0,0.0,0.3
11300000000,0.3,0.0,0.0,0.0,0.0,0.3
11320000000,0.3,0.0,0.0,0.0,0.0,0.3
11340000000,0.3,0.0,0.0,0.0,0.0,0.3
11360000000,0.3,0.0,0.0,0.0,0.0,0.3
11380000000,0.3,0.0,0.0,0.0,0.0,0.3
11400000000,0.3,0.0,0.0,0.0,0.0,0.3
11420000000,0.3,0.0,0.0,0.0,0.0,0.3
11440000000,0.3,0.0,0.0,0.0,0.0,0.3
11460000000,0.3,0.0,0.0,0.0,0.0,0.3
11480000000,0.3,0.0,0.0,0.0,0.0,0.3
11500000000,0.3,0.0,0.0,0.0,0.0,0.3
11520000000,0.3,0.0,0.0,0.0,0.0,0.3
11540000000,0.3,0.0,0.0,0.0,0.0,0.3
11560000000,0.3,0.0,0.0,0.0,0.0,0.3
11580000000,0.3,0.0,0.0,0.0,0.0,0.3
11600000000,0.3,0.0,0.0,0.0,0.0,0.3
11620000000,0.3,0.0,0.0,0.0,0.0,0.3
11640000000,0.3,0.0,0.0,0.0,0.0,0.3
11660000000,0.3,0.0,0.0,0.0,0.0,0.3
11680000000,0.3,0.0,0.0,0.0,0.0,0.3
11700000000,0.3,0.0,0.0,0.0,0.0,0.3
11720000000,0.3,0.0,0.0,0.0,0.0,0.3
11740000000,0.3,0.0,0.0,0.0,0.0,0.3
11760000000,0.3,0.0,0.0,0.0,0.0,0.3
11780000000,0.3,0.0,0.0,0.0,0.0,0.3
11800000000,0.3,0.0,0.0,0.0,0.0,0.3
11820000000,0.3,0.0,0.0,0.0,0.0,0.3
11840000000,0.3,0.0,0.0,0.0,0.0,0.3
11860000000,0.3,0.0,0.0,0.0,0.0,0.3
11880000000,0.3,0.0,0.0,0.0,0.0,0.3
11900000000,0.3,0.0,0.0,0.0,0.0,0.3
11920000000,0.3,0.0,0.0,0.0,0.0,0.3
11940000000,0.3,0.0,0.0,0.0,0.0,0.3
11960000000,0.3,0.0,0.0,0.0,0.0,0.3
11980000000,0.3,0.0,0.0,0.0,0.0,0.3
12000000000,0.3,0.0,0.0,0.0,0.0,0.3
12020000000,0.3,0.0,0.0,0.0,0.0,0.3
12040000000,0.3,0.0,0.0,0.0,0.0,0.3
12060000000,0.3,0.0,0.0,0.0,0.0,0.3
12080000000,0.3,0.0,0.0,0.0,0.0,0.3
12100000000,0.3,0.0,0.0,0.0,0.0,0.3
12120000000,0.3,0.0,0.0,0.0,0.0,0.3
12140000000,0.3,0.0,0.0,0.0,0.0,0.3
12160000000,0.3,0.0,0.0,0.0,0.0,0.3
12180000000,0.3,0.0,0.0,0.0,0.0,0.3
12200000000,0.3,0.0,0.0,0.0,0.0,0.3
12220000000,0.3,0.0,0.0,0.0,0.0,0.3
12240000000,0.3,0.0,0.0,0.0,0.0,0.3
12260000000,0.3,0.0,0.0,0.0,0.0,0.3
12280000000,0.3,0.0,0.0,0.0,0.0,0.3
12300000000,0.3,0.0,0.0,0.0,0.0,0.3
12320000000,0.3,0.0,0.0,0.0,0.0,0.3
12340000000,0.3,0.0,0.0,0.0,0.0,0.3
12360000000,0.3,0.0,0.0,0.0,0.0,0.3
12380000000,0.3,0.0,0.0,0.0,0.0,0.3
12400000000,0.3,0.0,0.0,0.0,0.0,0.3
12420000000,0.3,0.0,0.0,0.0,0.0,0.3
12439000000,0.3,0.0,0.0,0.0,0.0,0.3
12459000000,0.3,0.0,0.0,0.0,0.0,0.3
12480000000,0.3,0.0,0.0,0.0,0.0,0.3
12500000000,0.3,0.0,0.0,0.0,0.0,0.3
12520000000,0.3,0.0,0.0,0.0,0.0,0.3
12540000000,0.3,0.0,0.0,0.0,0.0,0.3
12560000000,0.3,0.0,0.0,0.0,0.0,0.3
12580000000,0.3,0.0,0.0,0.0,0.0,0.3
12600000000,0.3,0.0,0.0,0.0,0.0,0.3
12620000000,0.3,0.0,0.0,0.0,0.0,0.3
12640000000,0.3,0.0,0.0,0.0,0.0,0.3
12659000000,0.3,0.0,0.0,0.0,0.0,0.3
12680000000,0.3,0.0,0.0,0.0,0.0,0.3
12700000000,0.3,0.0,0.0,0.0,0.0,0.3
12720000000,0.3,0.0,0.0,0.0,0.0,0.3
12740000000,0.3,0.0,0.0,0.0,0.0,0.3
12760000000,0.3,0.0,0.0,0.0,0.0,0.3
12780000000,0.3,0.0,0.0,0.0,0.0,0.3
12800000000,0.3,0.0,0.0,0.0,0.0,0.3
12820000000,0.3,0.0,0.0,0.0,0.0,0.3
12840000000,0.3,0.0,0.0,0.0,0.0,0.3
12860000000,0.3,0.0,0.0,0.0,0.0,0.3
12880000000,0.3,0.0,0.0,0.0,0.0,0.3
12900000000,0.3,0.0,0.0,0.0,0.0,0.3
12920000000,0.3,0.0,0.0,0.0,0.0,0.3
12940000000,0.3,0.0,0.0,0.0,0.0,0.3
12960000000,0.3,0.0,0.0,0.0,0.0,0.3
12980000000,0.3,0.0,0.0,0.0,0.0,0.3
13000000000,0.3,0.0,0.0,0.0,0.0,0.3
13020000000,0.3,0.0,0.0,0.0,0.0,0.3
13040000000,0.3,0.0,0.0,0.0,0.0,0.3
13060000000,0.3,0.0,0.0,0.0,0.0,0.3
13080000000,0.3,0.0,0.0,0.0,0.0,0.3
13100000000,0.3,0.0,0.0,0.0,0.0,0.3
13120000000,0.3,0.0,0.0,0.0,0.0,0.3
13140000000,0.3,0.0,0.0,0.0,0.0,0.3
13160000000,0.3,0.0,0.0,0.0,0.0,0.3
13180000000,0.3,0.0,0.0,0.0,0.0,0.3
13200000000,0.3,0.0,0.0,0.0,0.0,0.3
13220000000,0.3,0.0,0.0,0.0,0.0,0.3
13240000000,0.3,0.0,0.0,0.0,0.0,0.3
13260000000,0.3,0.0,0.0,0.0,0.0,0.3
13280000000,0.3,0.0,0.0,0.0,0.0,0.3
13300000000,0.3,0.0,0.0,0.0,0.0,0.3
13320000000,0.3,0.0,0.0,0.0,0.0,0.3
13340000000,0.3,0.0,0.0,0.0,0.0,0.3
13360000000,0.3,0.0,0.0,0.0,0.0,0.3
13380000000,0.3,0.0,0.0,0.0,0.0,0.3
13400000000,0.3,0.0,0.0,0.0,0.0,0.3
13420000000,0.3,0.0,0.0,0.0,0.0,0.3
13440000000,0.3,0.0,0.0,0.0,0.0,0.3
13460000000,0.3,0.0,0.0,0.0,0.0,0.3
13480000000,0.3,0.0,0.0,0.0,0.0,0.3
13500000000,0.3,0.0,0.0,0.0,0.0,0.3
13520000000,0.3,0.0,0.0,0.0,0.0,0.3
13540000000,0.3,0.0,0.0,0.0,0.0,0.3
13560000000,0.3,0.0,0.0,0.0,0.0,0.3
13580000000,0.3,0.0,0.0,0.0,0.0,0.3
13600000000,0.3,0.0,0.0,0.0,0.0,0.3
13620000000,0.3,0.0,0.0,0.0,0.0,0.3
13640000000,0.3,0.0,0.0,0.0,0.0,0.3
13660000000,0.3,0.0,0.0,0.0,0.0,0.3
13680000000,0.3,0.0,0.0,0.0,0.0,0.3
13700000000,0.3,0.0,0.0,0.0,0.0,0.3
13720000000,0.3,0.0,0.0,0.0,0.0,0.3
13740000000,0.3,0.0,0.0,0.0,0.0,0.3
13760000000,0.3,0.0,0.0,0.0,0.0,0.3
13780000000,0.3,0.0,0.0,0.0,0.0,0.3
13800000000,0.3,0.0,0.0,0.0,0.0,0.3
13820000000,0.3,0.0,0.0,0.0,0.0,0.3
13840000000,0.3,0.0,0.0,0.0,0.0,0.3
13860000000,0.3,0.0,0.0,0.0,0.0,0.3
13880000000,0.3,0.0,0.0,0.0,0.0,0.3
13900000000,0.3,0.0,0.0,0.0,0.0,0.3
13920000000,0.3,0.0,0.0,0.0,0.0,0.3
13940000000,0.3,0.0,0.0,0.0,0.0,0.3
13960000000,0.3,0.0,0.0,0.0,0.0,0.3
13980000000,0.3,0.0,0.0,0.0,0.0,0.3
14000000000,0.3,0.0,0.0,0.0,0.0,0.3
14020000000,0.3,0.0,0.0,0.0,0.0,0.3
14040000000,0.3,0.0,0.0,0.0,0.0,0.3
14060000000,0.3,0.0,0.0,0.0,0.0,0.3
14080000000,0.3,0.0,0.0,0.0,0.0,0.3
14100000000,0.3,0.0,0.0,0.0,0.0,0.3
14120000000,0.3,0.0,0.0,0.0,0.0,0.3
14140000000,0.3,0.0,0.0,0.0,0.0,0.3
14160000000,0.3,0.0,0.0,0.0,0.0,0.3
14180000000,0.3,0.0,0.0,0.0,0.0,0.3
14199000000,0.3,0.0,0.0,0.0,0.0,0.3
14220000000,0.3,0.0,0.0,0.0,0.0,0.3
14240000000,0.3,0.0,0.0,0.0,0.0,0.3
14260000000,0.3,0.0,0.0,0.0,0.0,0.3
14280000000,0.3,0.0,0.0,0.0,0.0,0.3
14300000000,0.3,0.0,0.0,0.0,0.0,0.3
14320000000,0.3,0.0,0.0,0.0,0.0,0.3
14340000000,0.3,0.0,0.0,0.0,0.0,0.3
14360000000,0.3,0.0,0.0,0.0,0.0,0.3
14380000000,0.3,0.0,0.0,0.0,0.0,0.3
14400000000,0.3,0.0,0.0,0.0,0.0,0.3
14420000000,0.3,0.0,0.0,0.0,0.0,0.3
14440000000,0.3,0.0,0.0,0.0,0.0,0.3
14460000000,0.3,0.0,0.0,0.0,0.0,0.3
14480000000,0.3,0.0,0.0,0.0,0.0,0.3
14500000000,0.3,0.0,0.0,0.0,0.0,0.3
14520000000,0.3,0.0,0.0,0.0,0.0,0.3
14540000000,0.3,0.0,0.0,0.0,0.0,0.3
14560000000,0.3,0.0,0.0,0.0,0.0,0.3
14580000000,0.3,0.0,0.0,0.0,0.0,0.3
14600000000,0.3,0.0,0.0,0.0,0.0,0.3
14619000000,0.3,0.0,0.0,0.0,0.0,0.3
14640000000,0.3,0.0,0.0,0.0,0.0,0.3
14660000000,0.3,0.0,0.0,0.0,0.0,0.3
14680000000,0.3,0.0,0.0,0.0,0.0,0.3
14700000000,0.3,0.0,0.0,0.0,0.0,0.3
14720000000,0.3,0.0,0.0,0.0,0.0,0.3
14740000000,0.3,0.0,0.0,0.0,0.0,0.3
14760000000,0.3,0.0,0.0,0.0,0.0,0.3
14780000000,0.3,0.0,0.0,0.0,0.0,0.3
14800000000,0.3,0.0,0.0,0.0,0.0,0.3
14820000000,0.3,0.0,0.0,0.0,0.0,0.3
14840000000,0.3,0.0,0.0,0.0,0.0,0.3
14860000000,0.3,0.0,0.0,0.0,0.0,0.3
14880000000,0.3,0.0,0.0,0.0,0.0,0.3
14900000000,0.3,0.0,0.0,0.0,0.0,0.3
14920000000,0.3,0.0,0.0,0.0,0.0,0.3
14940000000,0.3,0.0,0.0,0.0,0.0,0.3
14960000000,0.3,0.0,0.0,0.0,0.0,0.3
14980000000,0.3,0.0,0.0,0.0,0.0,0.3
15000000000,0.3,0.0,0.0,0.0,0.0,0.3
15020000000,0.3,0.0,0.0,0.0,0.0,0.0
15040000000,0.3,0.0,0.0,0.0,0.0,0.0
15060000000,0.3,0.0,0.0,0.0,0.0,0.0
15080000000,0.3,0.0,0.0,0.0,0.0,0.0
15099000000,0.3,0.0,0.0,0.0,0.0,0.0
15120000000,0.3,0.0,0.0,0.0,0.0,0.0
15140000000,0.3,0.0,0.0,0.0,0.0,0.0
15160000000,0.3,0.0,0.0,0.0,0.0,0.0
15180000000,0.3,0.0,0.0,0.0,0.0,0.0
15200000000,0.3,0.0,0.0,0.0,0.0,0.0
15220000000,0.3,0.0,0.0,0.0,0.0,0.0
15240000000,0.3,0.0,0.0,0.0,0.0,0.0
15260000000,0.3,0.0,0.0,0.0,0.0,0.0
15280000000,0.3,0.0,0.0,0.0,0.0,0.0
15300000000,0.3,0.0,0.0,0.0,0.0,0.0
15320000000,0.3,0.0,0.0,0.0,0.0,0.0
15340000000,0.3,0.0,0.0,0.0,0.0,0.0
15360000000,0.3,0.0,0.0,0.0,0.0,0.0
15380000000,0.3,0.0,0.0,0.0,0.0,0.0
15400000000,0.3,0.0,0.0,0.0,0.0,0.0
15420000000,0.3,0.0,0.0,0.0,0.0,0.0
15440000000,0.3,0.0,0.0,0.0,0.0,0.0
15460000000,0.3,0.0,0.0,0.0,0.0,0.0
15480000000,0.3,0.0,0.0,0.0,0.0,0.0
15500000000,0.3,0.0,0.0,0.0,0.0,0.0
15520000000,0.3,0.0,0.0,0.0,0.0,0.0
15540000000,0.3,0.0,0.0,0.0,0.0,0.0
15560000000,0.3,0.0,0.0,0.0,0.0,0.0
15580000000,0.3,0.0,0.0,0.0,0.0,0.0
15600000000,0.3,0.0,0.0,0.0,0.0,0.0
15620000000,0.3,0.0,0.0,0.0,0.0,0.0
15640000000,0.3,0.0,0.0,0.0,0.0,0.0
15660000000,0.3,0.0,0.0,0.0,0.0,0.0
15680000000,0.3,0.0,0.0,0.0,0.0,0.0
15700000000,0.3,0.0,0.0,0.0,0.0,0.0
15720000000,0.3,0.0,0.0,0.0,0.0,0.0
15740000000,0.3,0.0,0.0,0.0,0.0,0.0
15760000000,0.3,0.0,0.0,0.0,0.0,0.0
15780000000,0.3,0.0,0.0,0.0,0.0,0.0
15800000000,0.3,0.0,0.0,0.0,0.0,0.0
15820000000,0.3,0.0,0.0,0.0,0.0,0.0
15840000000,0.3,0.0,0.0,0.0,0.0,0.0
15860000000,0.3,0.0,0.0,0.0,0.0,0.0
15880000000,0.3,0.0,0.0,0.0,0.0,0.0
15900000000,0.3,0.0,0.0,0.0,0.0,0.0
15920000000,0.3,0.0,0.0,0.0,0.0,0.0
15940000000,0.3,0.0,0.0,0.0,0.0,0.0
15960000000,0.3,0.0,0.0,0.0,0.0,0.0
15980000000,0.3,0.0,0.0,0.0,0.0,0.0
16000000000,0.3,0.0,0.0,0.0,0.0,0.0
16019000000,0.3,0.0,0.0,0.0,0.0,0.0
16040000000,0.3,0.0,0.0,0.0,0.0,0.0
16060000000,0.3,0.0,0.0,0.0,0.0,0.0
16080000000,0.3,0.0,0.0,0.0,0.0,0.0
16100000000,0.3,0.0,0.0,0.0,0.0,0.0
16120000000,0.3,0.0,0.0,0.0,0.0,0.0
16140000000,0.3,0.0,0.0,0.0,0.0,0.0
16160000000,0.3,0.0,0.0,0.0,0.0,0.0
16180000000,0.3,0.0,0.0,0.0,0.0,0.0
16200000000,0.3,0.0,0.0,0.0,0.0,0.0
16220000000,0.3,0.0,0.0,0.0,0.0,0.0
16240000000,0.3,0.0,0.0,0.0,0.0,0.0
16260000000,0.3,0.0,0.0,0.0,0.0,0.0
16280000000,0.3,0.0,0.0,0.0,0.0,0.0
16300000000,0.3,0.0,0.0,0.0,0.0,0.0
16320000000,0.3,0.0,0.0,0.0,0.0,0.0
16340000000,0.3,0.0,0.0,0.0,0.0,0.0
16360000000,0.3,0.0,0.0,0.0,0.0,0.0
16380000000,0.3,0.0,0.0,0.0,0.0,0.0
16400000000,0.3,0.0,0.0,0.0,0.0,0.0
16420000000,0.3,0.0,0.0,0.0,0.0,0.0
16440000000,0.3,0.0,0.0,0.0,0.0,0.0
16461000000,0.3,0.0,0.0,0.0,0.0,0.0
16480000000,0.3,0.0,0.0,0.0,0.0,0.0
16500000000,0.3,0.0,0.0,0.0,0.0,0.0
16520000000,0.3,0.0,0.0,0.0,0.0,0.0
16540000000,0.3,0.0,0.0,0.0,0.0,0.0
16560000000,0.3,0.0,0.0,0.0,0.0,0.0
16580000000,0.3,0.0,0.0,0.0,0.0,0.0
16600000000,0.3,0.0,0.0,0.0,0.0,0.0
16620000000,0.3,0.0,0.0,0.0,0.0,0.0
16640000000,0.3,0.0,0.0,0.0,0.0,0.0
16660000000,0.3,0.0,0.0,0.0,0.0,0.0
16680000000,0.3,0.0,0.0,0.0,0.0,0.0
16700000000,0.3,0.0,0.0,0.0,0.0,0.0
16720000000,0.3,0.0,0.0,0.0,0.0,0.0
16740000000,0.3,0.0,0.0,0.0,0.0,0.0
16760000000,0.3,0.0,0.0,0.0,0.0,0.0
16780000000,0.3,0.0,0.0,0.0,0.0,0.0
16800000000,0.3,0.0,0.0,0.0,0.0,0.0
16820000000,0.3,0.0,0.0,0.0,0.0,0.0
16840000000,0.3,0.0,0.0,0.0,0.0,0.0
16860000000,0.3,0.0,0.0,0.0,0.0,0.0
16880000000,0.3,0.0,0.0,0.0,0.0,0.0
16900000000,0.3,0.0,0.0,0.0,0.0,0.0
16920000000,0.3,0.0,0.0,0.0,0.0,0.0
16940000000,0.3,0.0,0.0,0.0,0.0,0.0
16960000000,0.3,0.0,0.0,0.0,0.0,0.0
16980000000,0.3,0.0,0.0,0.0,0.0,0.0
17000000000,0.3,0.0,0.0,0.0,0.0,0.0
17020000000,0.3,0.0,0.0,0.0,0.0,0.0
17040000000,0.3,0.0,0.0,0.0,0.0,0.0
17060000000,0.3,0.0,0.0,0.0,0.0,0.0
17080000000,0.3,0.0,0.0,0.0,0.0,0.0
17100000000,0.3,0.0,0.0,0.0,0.0,0.0
17120000000,0.3,0.0,0.0,0.0,0.0,0.0
17140000000,0.3,0.0,0.0,0.0,0.0,0.0
17160000000,0.3,0.0,0.0,0.0,0.0,0.0
17180000000,0.3,0.0,0.0,0.0,0.0,0.0
17200000000,0.3,0.0,0.0,0.0,0.0,0.0
17220000000,0.3,0.0,0.0,0.0,0.0,0.0
17240000000,0.3,0.0,0.0,0.0,0.0,0.0
17260000000,0.3,0.0,0.0,0.0,0.0,0.0
17280000000,0.3,0.0,0.0,0.0,0.0,0.0
17300000000,0.3,0.0,0.0,0.0,0.0,0.0
17320000000,0.3,0.0,0.0,0.0,0.0,0.0
17340000000,0.3,0.0,0.0,0.0,0.0,0.0
17360000000,0.3,0.0,0.0,0.0,0.0,0.0
17379000000,0.3,0.0,0.0,0.0,0.0,0.0
17400000000,0.3,0.0,0.0,0.0,0.0,0.0
17420000000,0.3,0.0,0.0,0.0,0.0,0.0
17440000000,0.3,0.0,0.0,0.0,0.0,0.0
17460000000,0.3,0.0,0.0,0.0,0.0,0.0
17480000000,0.3,0.0,0.0,0.0,0.0,0.0
17500000000,0.3,0.0,0.0,0.0,0.0,0.0
17520000000,0.3,0.0,0.0,0.0,0.0,0.0
17540000000,0.3,0.0,0.0,0.0,0.0,0.0
17560000000,0.3,0.0,0.0,0.0,0.0,0.0
17580000000,0.3,0.0,0.0,0.0,0.0,0.0
17600000000,0.3,0.0,0.0,0.0,0.0,0.0
17620000000,0.3,0.0,0.0,0.0,0.0,0.0
17640000000,0.3,0.0,0.0,0.0,0.0,0.0
17660000000,0.3,0.0,0.0,0.0,0.0,0.0
17680000000,0.3,0.0,0.0,0.0,0.0,0.0
17700000000,0.3,0.0,0.0,0.0,0.0,0.0
17720000000,0.3,0.0,0.0,0.0,0.0,0.0
17740000000,0.3,0.0,0.0,0.0,0.0,0.0
17760000000,0.3,0.0,0.0,0.0,0.0,0.0
17780000000,0.3,0.0,0.0,0.0,0.0,0.0
17800000000,0.3,0.0,0.0,0.0,0.0,0.0
17820000000,0.3,0.0,0.0,0.0,0.0,0.0
17840000000,0.3,0.0,0.0,0.0,0.0,0.0
17860000000,0.3,0.0,0.0,0.0,0.0,0.0
17880000000,0.3,0.0,0.0,0.0,0.0,0.0
17900000000,0.3,0.0,0.0,0.0,0.0,0.0
17920000000,0.3,0.0,0.0,0.0,0.0,0.0
17940000000,0.3,0.0,0.0,0.0,0.0,0.0
17960000000,0.3,0.0,0.0,0.0,0.0,0.0
17980000000,0.3,0.0,0.0,0.0,0.0,0.0
18000000000,0.3,0.0,0.0,0.0,0.0,0.0
18020000000,0.3,0.0,0.0,0.0,0.0,0.0
18040000000,0.3,0.0,0.0,0.0,0.0,0.0
18060000000,0.3,0.0,0.0,0.0,0.0,0.0
18080000000,0.3,0.0,0.0,0.0,0.0,0.0
18100000000,0.3,0.0,0.0,0.0,0.0,0.0
18120000000,0.3,0.0,0.0,0.0,0.0,0.0
18140000000,0.3,0.0,0.0,0.0,0.0,0.0
18160000000,0.3,0.0,0.0,0.0,0.0,0.0
18180000000,0.3,0.0,0.0,0.0,0.0,0.0
18200000000,0.3,0.0,0.0,0.0,0.0,0.0
18220000000,0.3,0.0,0.0,0.0,0.0,0.0
18240000000,0.3,0.0,0.0,0.0,0.0,0.0
18260000000,0.3,0.0,0.0,0.0,0.0,0.0
18280000000,0.3,0.0,0.0,0.0,0.0,0.0
18300000000,0.3,0.0,0.0,0.0,0.0,0.0
18320000000,0.3,0.0,0.0,0.0,0.0,0.0
18340000000,0.3,0.0,0.0,0.0,0.0,0.0
18360000000,0.3,0.0,0.0,0.0,0.0,0.0
18380000000,0.3,0.0,0.0,0.0,0.0,0.0
18400000000,0.3,0.0,0.0,0.0,0.0,0.0
18420000000,0.3,0.0,0.0,0.0,0.0,0.0
18440000000,0.3,0.0,0.0,0.0,0.0,0.0
18460000000,0.3,0.0,0.0,0.0,0.0,0.0
18480000000,0.3,0.0,0.0,0.0,0.0,0.0
18500000000,0.3,0.0,0.0,0.0,0.0,0.0
18519000000,0.3,0.0,0.0,0.0,0.0,0.0
18540000000,0.3,0.0,0.0,0.0,0.0,0.0
18560000000,0.3,0.0,0.0,0.0,0.0,0.0
18580000000,0.3,0.0,0.0,0.0,0.0,0.0
18600000000,0.3,0.0,0.0,0.0,0.0,0.0
18620000000,0.3,0.0,0.0,0.0,0.0,0.0
18640000000,0.3,0.0,0.0,0.0,0.0,0.0
18660000000,0.3,0.0,0.0,0.0,0.0,0.0
18680000000,0.3,0.0,0.0,0.0,0.0,0.0
18700000000,0.3,0.0,0.0,0.0,0.0,0.0
18720000000,0.3,0.0,0.0,0.0,0.0,0.0
18740000000,0.3,0.0,0.0,0.0,0.0,0.0
18760000000,0.3,0.0,0.0,0.0,0.0,0.0
18780000000,0.3,0.0,0.0,0.0,0.0,0.0
18800000000,0.3,0.0,0.0,0.0,0.0,0.0
18820000000,0.3,0.0,0.0,0.0,0.0,0.0
18840000000,0.3,0.0,0.0,0.0,0.0,0.0
18860000000,0.3,0.0,0.0,0.0,0.0,0.0
18880000000,0.3,0.0,0.0,0.0,0.0,0.0
18900000000,0.3,0.0,0.0,0.0,0.0,0.0
18920000000,0.3,0.0,0.0,0.0,0.0,0.0
18940000000,0.3,0.0,0.0,0.0,0.0,0.0
18960000000,0.3,0.0,0.0,0.0,0.0,0.0
18980000000,0.3,0.0,0.0,0.0,0.0,0.0
18999000000,0.3,0.0,0.0,0.0,0.0,0.0
19020000000,0.3,0.0,0.0,0.0,0.0,0.0
19040000000,0.3,0.0,0.0,0.0,0.0,0.0
19060000000,0.3,0.0,0.0,0.0,0.0,0.0
19080000000,0.3,0.0,0.0,0.0,0.0,0.0
19100000000,0.3,0.0,0.0,0.0,0.0,0.0
19120000000,0.3,0.0,0.0,0.0,0.0,0.0
19140000000,0.3,0.0,0.0,0.0,0.0,0.0
19160000000,0.3,0.0,0.0,0.0,0.0,0.0
19179000000,0.3,0.0,0.0,0.0,0.0,0.0
19200000000,0.3,0.0,0.0,0.0,0.0,0.0
19220000000,0.3,0.0,0.0,0.0,0.0,0.0
19240000000,0.3,0.0,0.0,0.0,0.0,0.0
19261000000,0.3,0.0,0.0,0.0,0.0,0.0
19280000000,0.3,0.0,0.0,0.0,0.0,0.0
19300000000,0.3,0.0,0.0,0.0,0.0,0.0
19320000000,0.3,0.0,0.0,0.0,0.0,0.0
19340000000,0.3,0.0,0.0,0.0,0.0,0.0
19360000000,0.3,0.0,0.0,0.0,0.0,0.0
19380000000,0.3,0.0,0.0,0.0,0.0,0.0
19400000000,0.3,0.0,0.0,0.0,0.0,0.0
19420000000,0.3,0.0,0.0,0.0,0.0,0.0
19440000000,0.3,0.0,0.0,0.0,0.0,0.0
19460000000,0.3,0.0,0.0,0.0,0.0,0.0
19480000000,0.3,0.0,0.0,0.0,0.0,0.0
19500000000,0.3,0.0,0.0,0.0,0.0,0.0
19520000000,0.3,0.0,0.0,0.0,0.0,0.0
19541000000,0.3,0.0,0.0,0.0,0.0,0.0
19560000000,0.3,0.0,0.0,0.0,0.0,0.0
19579000000,0.3,0.0,0.0,0.0,0.0,0.0
19600000000,0.3,0.0,0.0,0.0,0.0,0.0
19620000000,0.3,0.0,0.0,0.0,0.0,0.0
19640000000,0.3,0.0,0.0,0.0,0.0,0.0
19660000000,0.3,0.0,0.0,0.0,0.0,0.0
19680000000,0.3,0.0,0.0,0.0,0.0,0.0
19700000000,0.3,0.0,0.0,0.0,0.0,0.0
19720000000,0.3,0.0,0.0,0.0,0.0,0.0
19740000000,0.3,0.0,0.0,0.0,0.0,0.0
19760000000,0.3,0.0,0.0,0.0,0.0,0.0
19780000000,0.3,0.0,0.0,0.0,0.0,0.0
19800000000,0.3,0.0,0.0,0.0,0.0,0.0
19820000000,0.3,0.0,0.0,0.0,0.0,0.0
19840000000,0.3,0.0,0.0,0.0,0.0,0.0
19860000000,0.3,0.0,0.0,0.0,0.0,0.0
19880000000,0.3,0.0,0.0,0.0,0.0,0.0
19900000000,0.3,0.0,0.0,0.0,0.0,0.0
19919000000,0.3,0.0,0.0,0.0,0.0,0.0
19940000000,0.3,0.0,0.0,0.0,0.0,0.0
19960000000,0.3,0.0,0.0,0.0,0.0,0.0
19979000000,0.3,0.0,0.0,0.0,0.0,0.0
20000000000,0.3,0.0,0.0,0.0,0.0,0.0
20019000000,0.3,0.0,0.0,0.0,0.0,0.0
20040000000,0.3,0.0,0.0,0.0,0.0,0.0
20060000000,0.3,0.0,0.0,0.0,0.0,0.0
20080000000,0.3,0.0,0.0,0.0,0.0,0.0
20100000000,0.3,0.0,0.0,0.0,0.0,0.0
20120000000,0.3,0.0,0.0,0.0,0.0,0.0
20140000000,0.3,0.0,0.0,0.0,0.0,0.0
20160000000,0.3,0.0,0.0,0.0,0.0,0.0
20180000000,0.3,0.0,0.0,0.0,0.0,0.0
20200000000,0.3,0.0,0.0,0.0,0.0,0.0
20220000000,0.3,0.0,0.0,0.0,0.0,0.0
20240000000,0.3,0.0,0.0,0.0,0.0,0.0
20260000000,0.3,0.0,0.0,0.0,0.0,0.0
20280000000,0.3,0.0,0.0,0.0,0.0,0.0
20300000000,0.3,0.0,0.0,0.0,0.0,0.0
20320000000,0.3,0.0,0.0,0.0,0.0,0.0
20340000000,0.3,0.0,0.0,0.0,0.0,0.0
20360000000,0.3,0.0,0.0,0.0,0.0,0.0
20380000000,0.3,0.0,0.0,0.0,0.0,0.0
20400000000,0.3,0.0,0.0,0.0,0.0,0.0
20420000000,0.3,0.0,0.0,0.0,0.0,0.0
20440000000,0.3,0.0,0.0,0.0,0.0,0.0
20460000000,0.3,0.0,0.0,0.0,0.0,0.0
20480000000,0.3,0.0,0.0,0.0,0.0,0.0
20500000000,0.3,0.0,0.0,0.0,0.0,0.0
20520000000,0.3,0.0,0.0,0.0,0.0,0.0
20540000000,0.3,0.0,0.0,0.0,0.0,0.0
20560000000,0.3,0.0,0.0,0.0,0.0,0.0
20580000000,0.3,0.0,0.0,0.0,0.0,0.0
20600000000,0.3,0.0,0.0,0.0,0.0,0.0
20620000000,0.3,0.0,0.0,0.0,0.0,0.0
20640000000,0.3,0.0,0.0,0.0,0.0,0.0
20660000000,0.3,0.0,0.0,0.0,0.0,0.0
20680000000,0.3,0.0,0.0,0.0,0.0,0.0
20700000000,0.3,0.0,0.0,0.0,0.0,0.0
20720000000,0.3,0.0,0.0,0.0,0.0,0.0
20740000000,0.3,0.0,0.0,0.0,0.0,0.0
20760000000,0.3,0.0,0.0,0.0,0.0,0.0
20780000000,0.3,0.0,0.0,0.0,0.0,0.0
20800000000,0.3,0.0,0.0,0.0,0.0,0.0
20820000000,0.3,0.0,0.0,0.0,0.0,0.0
20840000000,0.3,0.0,0.0,0.0,0.0,0.0
20860000000,0.3,0.0,0.0,0.0,0.0,0.0
20880000000,0.3,0.0,0.0,0.0,0.0,0.0
20900000000,0.3,0.0,0.0,0.0,0.0,0.0
20920000000,0.3,0.0,0.0,0.0,0.0,0.0
20940000000,0.3,0.0,0.0,0.0,0.0,0.0
20960000000,0.3,0.0,0.0,0.0,0.0,0.0
20980000000,0.3,0.0,0.0,0.0,0.0,0.0
21000000000,0.3,0.0,0.0,0.0,0.0,0.0
21020000000,0.3,0.0,0.0,0.0,0.0,0.0
21040000000,0.3,0.0,0.0,0.0,0.0,0.0
21060000000,0.3,0.0,0.0,0.0,0.0,0.0
21080000000,0.3,0.0,0.0,0.0,0.0,0.0
21100000000,0.3,0.0,0.0,0.0,0.0,0.0
21120000000,0.3,0.0,0.0,0.0,0.0,0.0
21140000000,0.3,0.0,0.0,0.0,0.0,0.0
21160000000,0.3,0.0,0.0,0.0,0.0,0.0
21180000000,0.3,0.0,0.0,0.0,0.0,0.0
21200000000,0.3,0.0,0.0,0.0,0.0,0.0
21220000000,0.3,0.0,0.0,0.0,0.0,0.0
21240000000,0.3,0.0,0.0,0.0,0.0,0.0
21260000000,0.3,0.0,0.0,0.0,0.0,0.0
21280000000,0.3,0.0,0.0,0.0,0.0,0.0
21300000000,0.3,0.0,0.0,0.0,0.0,0.0
21320000000,0.3,0.0,0.0,0.0,0.0,0.0
21340000000,0.3,0.0,0.0,0.0,0.0,0.0
21360000000,0.3,0.0,0.0,0.0,0.0,0.0
21380000000,0.3,0.0,0.0,0.0,0.0,0.0
21400000000,0.3,0.0,0.0,0.0,0.0,0.0
21420000000,0.3,0.0,0.0,0.0,0.0,0.0
21439000000,0.3,0.0,0.0,0.0,0.0,0.0
21460000000,0.3,0.0,0.0,0.0,0.0,0.0
21480000000,0.3,0.0,0.0,0.0,0.0,0.0
21500000000,0.3,0.0,0.0,0.0,0.0,0.0
21520000000,0.3,0.0,0.0,0.0,0.0,0.0
21540000000,0.3,0.0,0.0,0.0,0.0,0.0
21560000000,0.3,0.0,0.0,0.0,0.0,0.0
21580000000,0.3,0.0,0.0,0.0,0.0,0.0
21600000000,0.3,0.0,0.0,0.0,0.0,0.0
21620000000,0.3,0.0,0.0,0.0,0.0,0.0
21640000000,0.3,0.0,0.0,0.0,0.0,0.0
21660000000,0.3,0.0,0.0,0.0,0.0,0.0
21680000000,0.3,0.0,0.0,0.0,0.0,0.0
21700000000,0.3,0.0,0.0,0.0,0.0,0.0
21720000000,0.3,0.0,0.0,0.0,0.0,0.0
21740000000,0.3,0.0,0.0,0.0,0.0,0.0
21760000000,0.3,0.0,0.0,0.0,0.0,0.0
21780000000,0.3,0.0,0.0,0.0,0.0,0.0
21800000000,0.3,0.0,0.0,0.0,0.0,0.0
21820000000,0.3,0.0,0.0,0.0,0.0,0.0
21840000000,0.3,0.0,0.0,0.0,0.0,0.0
21860000000,0.3,0.0,0.0,0.0,0.0,0.0
21880000000,0.3,0.0,0.0,0.0,0.0,0.0
21900000000,0.3,0.0,0.0,0.0,0.0,0.0
21920000000,0.3,0.0,0.0,0.0,0.0,0.0
21940000000,0.3,0.0,0.0,0.0,0.0,0.0
21960000000,0.3,0.0,0.0,0.0,0.0,0.0
21980000000,0.3,0.0,0.0,0.0,0.0,0.0
22000000000,0.3,0.0,0.0,0.0,0.0,0.0
22020000000,0.3,0.0,0.0,0.0,0.0,0.0
22040000000,0.3,0.0,0.0,0.0,0.0,0.0
22060000000,0.3,0.0,0.0,0.0,0.0,0.0
22080000000,0.3,0.0,0.0,0.0,0.0,0.0
22100000000,0.3,0.0,0.0,0.0,0.0,0.0
22120000000,0.3,0.0,0.0,0.0,0.0,0.0
22140000000,0.3,0.0,0.0,0.0,0.0,0.0
22160000000,0.3,0.0,0.0,0.0,0.0,0.0
22180000000,0.3,0.0,0.0,0.0,0.0,0.0
22200000000,0.3,0.0,0.0,0.0,0.0,0.0
22220000000,0.3,0.0,0.0,0.0,0.0,0.0
22241000000,0.3,0.0,0.0,0.0,0.0,0.0
22260000000,0.3,0.0,0.0,0.0,0.0,0.0
22280000000,0.3,0.0,0.0,0.0,0.0,0.0
22300000000,0.3,0.0,0.0,0.0,0.0,0.0
22320000000,0.3,0.0,0.0,0.0,0.0,0.0
22340000000,0.3,0.0,0.0,0.0,0.0,0.0
22360000000,0.3,0.0,0.0,0.0,0.0,0.0
22380000000,0.3,0.0,0.0,0.0,0.0,0.0
22400000000,0.3,0.0,0.0,0.0,0.0,0.0
22420000000,0.3,0.0,0.0,0.0,0.0,0.0
22440000000,0.3,0.0,0.0,0.0,0.0,0.0
22460000000,0.3,0.0,0.0,0.0,0.0,0.0
22480000000,0.3,0.0,0.0,0.0,0.0,0.0
22500000000,0.3,0.0,0.0,0.0,0.0,0.0
22520000000,0.3,0.0,0.0,0.0,0.0,0.0
22540000000,0.3,0.0,0.0,0.0,0.0,0.0
22560000000,0.3,0.0,0.0,0.0,0.0,0.0
22580000000,0.3,0.0,0.0,0.0,0.0,0.0
22600000000,0.3,0.0,0.0,0.0,0.0,0.0
22620000000,0.3,0.0,0.0,0.0,0.0,0.0
22640000000,0.3,0.0,0.0,0.0,0.0,0.0
22660000000,0.3,0.0,0.0,0.0,0.0,0.0
22680000000,0.3,0.0,0.0,0.0,0.0,0.0
22700000000,0.3,0.0,0.0,0.0,0.0,0.0
22720000000,0.3,0.0,0.0,0.0,0.0,0.0
22739000000,0.3,0.0,0.0,0.0,0.0,0.0
22760000000,0.3,0.0,0.0,0.0,0.0,0.0
22780000000,0.3,0.0,0.0,0.0,0.0,0.0
22800000000,0.3,0.0,0.0,0.0,0.0,0.0
22820000000,0.3,0.0,0.0,0.0,0.0,0.0
22840000000,0.3,0.0,0.0,0.0,0.0,0.0
22860000000,0.3,0.0,0.0,0.0,0.0,0.0
22880000000,0.3,0.0,0.0,0.0,0.0,0.0
22900000000,0.3,0.0,0.0,0.0,0.0,0.0
22920000000,0.3,0.0,0.0,0.0,0.0,0.0
22940000000,0.3,0.0,0.0,0.0,0.0,0.0
22960000000,0.3,0.0,0.0,0.0,0.0,0.0
22980000000,0.3,0.0,0.0,0.0,0.0,0.0
23000000000,0.3,0.0,0.0,0.0,0.0,0.0
23020000000,0.3,0.0,0.0,0.0,0.0,0.0
23040000000,0.3,0.0,0.0,0.0,0.0,0.0
23060000000,0.3,0.0,0.0,0.0,0.0,0.0
23080000000,0.3,0.0,0.0,0.0,0.0,0.0
23100000000,0.3,0.0,0.0,0.0,0.0,0.0
23120000000,0.3,0.0,0.0,0.0,0.0,0.0
23140000000,0.3,0.0,0.0,0.0,0.0,0.0
23160000000,0.3,0.0,0.0,0.0,0.0,0.0
23180000000,0.3,0.0,0.0,0.0,0.0,0.0
23200000000,0.3,0.0,0.0,0.0,0.0,0.0
23220000000,0.3,0.0,0.0,0.0,0.0,0.0
23240000000,0.3,0.0,0.0,0.0,0.0,0.0
23260000000,0.3,0.0,0.0,0.0,0.0,0.0
23280000000,0.3,0.0,0.0,0.0,0.0,0.0
23300000000,0.3,0.0,0.0,0.0,0.0,0.0
23320000000,0.3,0.0,0.0,0.0,0.0,0.0
23340000000,0.3,0.0,0.0,0.0,0.0,0.0
23360000000,0.3,0.0,0.0,0.0,0.0,0.0
23380000000,0.3,0.0,0.0,0.0,0.0,0.0
23400000000,0.3,0.0,0.0,0.0,0.0,0.0
23420000000,0.3,0.0,0.0,0.0,0.0,0.0
23440000000,0.3,0.0,0.0,0.0,0.0,0.0
23460000000,0.3,0.0,0.0,0.0,0.0,0.0
23480000000,0.3,0.0,0.0,0.0,0.0,0.0
23500000000,0.3,0.0,0.0,0.0,0.0,0.0
23520000000,0.3,0.0,0.0,0.0,0.0,0.0
23540000000,0.3,0.0,0.0,0.0,0.0,0.0
23560000000,0.3,0.0,0.0,0.0,0.0,0.0
23580000000,0.3,0.0,0.0,0.0,0.0,0.0
23600000000,0.3,0.0,0.0,0.0,0.0,0.0
23620000000,0.3,0.0,0.0,0.0,0.0,0.0
23640000000,0.3,0.0,0.0,0.0,0.0,0.0
23660000000,0.3,0.0,0.0,0.0,0.0,0.0
23680000000,0.3,0.0,0.0,0.0,0.0,0.0
23700000000,0.3,0.0,0.0,0.0,0.0,0.0
23720000000,0.3,0.0,0.0,0.0,0.0,0.0
23740000000,0.3,0.0,0.0,0.0,0.0,0.0
23760000000,0.3,0.0,0.0,0.0,0.0,0.0
23780000000,0.3,0.0,0.0,0.0,0.0,0.0
23800000000,0.3,0.0,0.0,0.0,0.0,0.0
23820000000,0.3,0.0,0.0,0.0,0.0,0.0
23840000000,0.3,0.0,0.0,0.0,0.0,0.0
23860000000,0.3,0.0,0.0,0.0,0.0,0.0
23880000000,0.3,0.0,0.0,0.0,0.0,0.0
23900000000,0.3,0.0,0.0,0.0,0.0,0.0
23920000000,0.3,0.0,0.0,0.0,0.0,0.0
23940000000,0.3,0.0,0.0,0.0,0.0,0.0
23960000000,0.3,0.0,0.0,0.0,0.0,0.0
23980000000,0.3,0.0,0.0,0.0,0.0,0.0
24000000000,0.3,0.0,0.0,0.0,0.0,0.0
24020000000,0.3,0.0,0.0,0.0,0.0,0.0
24040000000,0.3,0.0,0.0,0.0,0.0,0.0
24060000000,0.3,0.0,0.0,0.0,0.0,0.0
24080000000,0.3,0.0,0.0,0.0,0.0,0.0
24099000000,0.3,0.0,0.0,0.0,0.0,0.0
24120000000,0.3,0.0,0.0,0.0,0.0,0.0
24140000000,0.3,0.0,0.0,0.0,0.0,0.0
24160000000,0.3,0.0,0.0,0.0,0.0,0.0
24180000000,0.3,0.0,0.0,0.0,0.0,0.0
24200000000,0.3,0.0,0.0,0.0,0.0,0.0
24220000000,0.3,0.0,0.0,0.0,0.0,0.0
24240000000,0.3,0.0,0.0,0.0,0.0,0.0
24260000000,0.3,0.0,0.0,0.0,0.0,0.0
24280000000,0.3,0.0,0.0,0.0,0.0,0.0
24300000000,0.3,0.0,0.0,0.0,0.0,0.0
24320000000,0.3,0.0,0.0,0.0,0.0,0.0
24340000000,0.3,0.0,0.0,0.0,0.0,0.0
24360000000,0.3,0.0,0.0,0.0,0.0,0.0
24380000000,0.3,0.0,0.0,0.0,0.0,0.0
24400000000,0.3,0.0,0.0,0.0,0.0,0.0
24420000000,0.3,0.0,0.0,0.0,0.0,0.0
24440000000,0.3,0.0,0.0,0.0,0.0,0.0
24460000000,0.3,0.0,0.0,0.0,0.0,0.0
24480000000,0.3,0.0,0.0,0.0,0.0,0.0
24500000000,0.3,0.0,0.0,0.0,0.0,0.0
24520000000,0.3,0.0,0.0,0.0,0.0,0.0
24540000000,0.3,0.0,0.0,0.0,0.0,0.0
24560000000,0.3,0.0,0.0,0.0,0.0,0.0
24580000000,0.3,0.0,0.0,0.0,0.0,0.0
24600000000,0.3,0.0,0.0,0.0,0.0,0.0
24620000000,0.3,0.0,0.0,0.0,0.0,0.0
24640000000,0.3,0.0,0.0,0.0,0.0,0.0
24660000000,0.3,0.0,0.0,0.0,0.0,0.0
24680000000,0.3,0.0,0.0,0.0,0.0,0.0
24700000000,0.3,0.0,0.0,0.0,0.0,0.0
24720000000,0.3,0.0,0.0,0.0,0.0,0.0
24740000000,0.3,0.0,0.0,0.0,0.0,0.0
24760000000,0.3,0.0,0.0,0.0,0.0,0.0
24780000000,0.3,0.0,0.0,0.0,0.0,0.0
24800000000,0.3,0.0,0.0,0.0,0.0,0.0
24820000000,0.3,0.0,0.0,0.0,0.0,0.0
24840000000,0.3,0.0,0.0,0.0,0.0,0.0
24860000000,0.3,0.0,0.0,0.0,0.0,0.0
24880000000,0.3,0.0,0.0,0.0,0.0,0.0
24900000000,0.3,0.0,0.0,0.0,0.0,0.0
24920000000,0.3,0.0,0.0,0.0,0.0,0.0
24940000000,0.3,0.0,0.0,0.0,0.0,0.0
24960000000,0.3,0.0,0.0,0.0,0.0,0.0
24980000000,0.3,0.0,0.0,0.0,0.0,0.0
24999000000,0.3,0.0,0.0,0.0,0.0,0.0
25020000000,0.0,0.0,0.0,0.0,0.0,0.0
25040000000,0.0,0.0,0.0,0.0,0.0,0.0
25060000000,0.0,0.0,0.0,0.0,0.0,0.0
25080000000,0.0,0.0,0.0,0.0,0.0,0.0
25100000000,0.0,0.0,0.0,0.0,0.0,0.0
25120000000,0.0,0.0,0.0,0.0,0.0,0.0
25140000000,0.0,0.0,0.0,0.0,0.0,0.0
25160000000,0.0,0.0,0.0,0.0,0.0,0.0
25180000000,0.0,0.0,0.0,0.0,0.0,0.0
25200000000,0.0,0.0,0.0,0.0,0.0,0.0
25220000000,0.0,0.0,0.0,0.0,0.0,0.0
25240000000,0.0,0.0,0.0,0.0,0.0,0.0
25260000000,0.0,0.0,0.0,0.0,0.0,0.0
25280000000,0.0,0.0,0.0,0.0,0.0,0.0
25300000000,0.0,0.0,0.0,0.0,0.0,0.0
25320000000,0.0,0.0,0.0,0.0,0.0,0.0
25340000000,0.0,0.0,0.0,0.0,0.0,0.0
25360000000,0.0,0.0,0.0,0.0,0.0,0.0
25380000000,0.0,0.0,0.0,0.0,0.0,0.0
25400000000,0.0,0.0,0.0,0.0,0.0,0.0
25420000000,0.0,0.0,0.0,0.0,0.0,0.0
25440000000,0.0,0.0,0.0,0.0,0.0,0.0
25460000000,0.0,0.0,0.0,0.0,0.0,0.0
25480000000,0.0,0.0,0.0,0.0,0.0,0.0
25500000000,0.0,0.0,0.0,0.0,0.0,0.0
25520000000,0.0,0.0,0.0,0.0,0.0,0.0
25540000000,0.0,0.0,0.0,0.0,0.0,0.0
25560000000,0.0,0.0,0.0,0.0,0.0,0.0
25580000000,0.0,0.0,0.0,0.0,0.0,0.0
25600000000,0.0,0.0,0.0,0.0,0.0,0.0
25620000000,0.0,0.0,0.0,0.0,0.0,0.0
25639000000,0.0,0.0,0.0,0.0,0.0,0.0
25660000000,0.0,0.0,0.0,0.0,0.0,0.0
25680000000,0.0,0.0,0.0,0.0,0.0,0.0
25700000000,0.0,0.0,0.0,0.0,0.0,0.0
25720000000,0.0,0.0,0.0,0.0,0.0,0.0
25740000000,0.0,0.0,0.0,0.0,0.0,0.0
25760000000,0.0,0.0,0.0,0.0,0.0,0.0
25780000000,0.0,0.0,0.0,0.0,0.0,0.0
25800000000,0.0,0.0,0.0,0.0,0.0,0.0
25820000000,0.0,0.0,0.0,0.0,0.0,0.0
25840000000,0.0,0.0,0.0,0.0,0.0,0.0
25860000000,0.0,0.0,0.0,0.0,0.0,0.0
25880000000,0.0,0.0,0.0,0.0,0.0,0.0
25900000000,0.0,0.0,0.0,0.0,0.0,0.0
25920000000,0.0,0.0,0.0,0.0,0.0,0.0
25940000000,0.0,0.0,0.0,0.0,0.0,0.0
25960000000,0.0,0.0,0.0,0.0,0.0,0.0
25980000000,0.0,0.0,0.0,0.0,0.0,0.0
26000000000,0.0,0.0,0.0,0.0,0.0,0.0
26020000000,0.0,0.0,0.0,0.0,0.0,0.0
26040000000,0.0,0.0,0.0,0.0,0.0,0.0
26060000000,0.0,0.0,0.0,0.0,0.0,0.0
26080000000,0.0,0.0,0.0,0.0,0.0,0.0
26100000000,0.0,0.0,0.0,0.0,0.0,0.0
26120000000,0.0,0.0,0.0,0.0,0.0,0.0
26140000000,0.0,0.0,0.0,0.0,0.0,0.0
26160000000,0.0,0.0,0.0,0.0,0.0,0.0
26180000000,0.0,0.0,0.0,0.0,0.0,0.0
26200000000,0.0,0.0,0.0,0.0,0.0,0.0
26220000000,0.0,0.0,0.0,0.0,0.0,0.0
26240000000,0.0,0.0,0.0,0.0,0.0,0.0
26260000000,0.0,0.0,0.0,0.0,0.0,0.0
26280000000,0.0,0.0,0.0,0.0,0.0,0.0
26300000000,0.0,0.0,0.0,0.0,0.0,0.0
26320000000,0.0,0.0,0.0,0.0,0.0,0.0
26340000000,0.0,0.0,0.0,0.0,0.0,0.0
26360000000,0.0,0.0,0.0,0.0,0.0,0.0
26380000000,0.0,0.0,0.0,0.0,0.0,0.0
26400000000,0.0,0.0,0.0,0.0,0.0,0.0
26420000000,0.0,0.0,0.0,0.0,0.0,0.0
26440000000,0.0,0.0,0.0,0.0,0.0,0.0
26460000000,0.0,0.0,0.0,0.0,0.0,0.0
26480000000,0.0,0.0,0.0,0.0,0.0,0.0
26500000000,0.0,0.0,0.0,0.0,0.0,0.0
26520000000,0.0,0.0,0.0,0.0,0.0,0.0
26540000000,0.0,0.0,0.0,0.0,0.0,0.0
26560000000,0.0,0.0,0.0,0.0,0.0,0.0
26580000000,0.0,0.0,0.0,0.0,0.0,0.0
26600000000,0.0,0.0,0.0,0.0,0.0,0.0
26620000000,0.0,0.0,0.0,0.0,0.0,0.0
26640000000,0.0,0.0,0.0,0.0,0.0,0.0
26660000000,0.0,0.0,0.0,0.0,0.0,0.0
26680000000,0.0,0.0,0.0,0.0,0.0,0.0
26700000000,0.0,0.0,0.0,0.0,0.0,0.0
26720000000,0.0,0.0,0.0,0.0,0.0,0.0
26740000000,0.0,0.0,0.0,0.0,0.0,0.0
26760000000,0.0,0.0,0.0,0.0,0.0,0.0
26780000000,0.0,0.0,0.0,0.0,0.0,0.0
26800000000,0.0,0.0,0.0,0.0,0.0,0.0
26820000000,0.0,0.0,0.0,0.0,0.0,0.0
26840000000,0.0,0.0,0.0,0.0,0.0,0.0
26859000000,0.0,0.0,0.0,0.0,0.0,0.0
26880000000,0.0,0.0,0.0,0.0,0.0,0.0
26900000000,0.0,0.0,0.0,0.0,0.0,0.0
26920000000,0.0,0.0,0.0,0.0,0.0,0.0
26940000000,0.0,0.0,0.0,0.0,0.0,0.0
26960000000,0.0,0.0,0.0,0.0,0.0,0.0
26980000000,0.0,0.0,0.0,0.0,0.0,0.0
27000000000,0.0,0.0,0.0,0.0,0.0,0.0
27020000000,0.0,0.0,0.0,0.0,0.0,0.0
